[{"id":"user-image-Screenshot_2023-09-07_122259-removebg-preview.png","publicUrl":"np://user.desktop.nicepage.com/Site_2122812204/images/Screenshot_2023-09-07_122259-removebg-preview.png","size":15105,"hash":"7eEWPFnb+u9k9mosVbr0XqTX4hI=","fileName":"Screenshot_2023-09-07_122259-removebg-preview.png","name":"Screenshot_2023-09-07_122259-removebg-preview","width":183,"height":131,"thumbnail":{"url":"np://user.desktop.nicepage.com/Site_2122812204/images/thumbnails/Screenshot_2023-09-07_122259-removebg-preview.png","width":183,"height":131,"length":15105,"type":"png"},"folderId":null,"usages":[]},{"id":"user-image-vue-color-avatar.png","publicUrl":"np://user.desktop.nicepage.com/Site_2122812204/images/vue-color-avatar.png","size":17491,"hash":"WIlNXben4gCclFDXOjGLv67ZmHc=","fileName":"vue-color-avatar.png","name":"vue-color-avatar","width":280,"height":280,"thumbnail":{"url":"np://user.desktop.nicepage.com/Site_2122812204/images/thumbnails/vue-color-avatar.png","width":250,"height":250},"folderId":null,"usages":["301243012"]},{"id":"user-image-193542759-0.jpeg","publicUrl":"np://user.desktop.nicepage.com/Site_2122812204/images/193542759-0.jpeg","size":316220,"hash":"rtfNdlxuX117oRtwb/n5q8wb/GE=","fileName":"193542759-0.jpeg","name":"193542759-0","width":1667,"height":1000,"thumbnail":{"url":"np://user.desktop.nicepage.com/Site_2122812204/images/thumbnails/193542759-0.jpeg","width":250,"height":150},"folderId":null,"usages":["193542759"]},{"id":"user-image-ffffff.jpg","publicUrl":"np://user.desktop.nicepage.com/Site_2122812204/images/ffffff.jpg","size":209179,"hash":"pka7bEczlo4BqgfvUKEilsnKodA=","fileName":"ffffff.jpg","name":"ffffff","width":1372,"height":1235,"thumbnail":{"url":"np://user.desktop.nicepage.com/Site_2122812204/images/thumbnails/ffffff.jpg","width":250,"height":225},"folderId":null,"originalUrl":"//images01.nicepage.com/c461c07a441a5d220e8feb1a/a9fb239c81c553dfba0355d7/ffffff.jpg","usages":["193542759"]},{"id":"user-image-fdff.jpg","publicUrl":"np://user.desktop.nicepage.com/Site_2122812204/images/fdff.jpg","size":162614,"hash":"HZheyWZVbO2/7heRDJC6X0PivQo=","fileName":"fdff.jpg","name":"fdff","width":1200,"height":912,"thumbnail":{"url":"np://user.desktop.nicepage.com/Site_2122812204/images/thumbnails/fdff.jpg","width":250,"height":190},"folderId":null,"originalUrl":"//images01.nicepage.com/c461c07a441a5d220e8feb1a/4e1740a2b4805dd2a2364373/fdff.jpg","usages":["193542759"]},{"id":"user-image-ffff.jpg","publicUrl":"np://user.desktop.nicepage.com/Site_2122812204/images/ffff.jpg","size":150794,"hash":"utoEG4/QPzpIl3Q1sgur1xgfeB8=","fileName":"ffff.jpg","name":"ffff","width":1200,"height":800,"thumbnail":{"url":"np://user.desktop.nicepage.com/Site_2122812204/images/thumbnails/ffff.jpg","width":250,"height":167},"folderId":null,"originalUrl":"//images01.nicepage.com/c461c07a441a5d220e8feb1a/e088ab31e95c5a4ea6ca9500/ffff.jpg","usages":["193542759"]},{"id":"user-image-a7d25ea5-f10e-d3df-2733-55a779ff3988.png","publicUrl":"np://user.desktop.nicepage.com/Site_2122812204/images/a7d25ea5-f10e-d3df-2733-55a779ff3988.png","size":6719,"hash":"pCdHrP/j4NG4dBie3KBiTPYani0=","fileName":"a7d25ea5-f10e-d3df-2733-55a779ff3988.png","name":"a7d25ea5-f10e-d3df-2733-55a779ff3988","width":500,"height":375,"thumbnail":{"url":"np://user.desktop.nicepage.com/Site_2122812204/images/thumbnails/a7d25ea5-f10e-d3df-2733-55a779ff3988.png","width":250,"height":188},"folderId":null,"originalUrl":"//images01.nicepage.com/c461c07a441a5d220e8feb1a/7182378fbd325625966435fd/a7d25ea5-f10e-d3df-2733-55a779ff3988.png","usages":["193542759"]},{"id":"user-image-yyy.jpg","publicUrl":"np://user.desktop.nicepage.com/Site_2122812204/images/yyy.jpg","size":31749,"hash":"d4ATva90mryUGJgyqwOCR4zfmjQ=","fileName":"yyy.jpg","name":"yyy","width":1980,"height":1350,"thumbnail":{"url":"np://user.desktop.nicepage.com/Site_2122812204/images/thumbnails/yyy.jpg","width":250,"height":170},"folderId":null,"originalUrl":"//images01.nicepage.com/c461c07a441a5d220e8feb1a/76dcaa3cb25559a09b76edf5/yyy.jpg","usages":["193542759"]},{"id":"user-image-Untitled-1-min.jpg","publicUrl":"np://user.desktop.nicepage.com/Site_2122812204/images/Untitled-1-min.jpg","size":112426,"hash":"nnKzwzSDdhVu+dP5/bm/KsyqUFE=","fileName":"Untitled-1-min.jpg","name":"Untitled-1-min","width":1575,"height":977,"thumbnail":{"url":"np://user.desktop.nicepage.com/Site_2122812204/images/thumbnails/Untitled-1-min.jpg","width":250,"height":155},"folderId":null,"originalUrl":"//images03.nicepage.com/c461c07a441a5d220e8feb1a/3cdc4934e89a53b0b1a913c9/Untitled-1-min.jpg","usages":["193542759"]},{"id":"user-image-ssssss.jpg","publicUrl":"np://user.desktop.nicepage.com/Site_2122812204/images/ssssss.jpg","size":153544,"hash":"aqcrK3SUPXL7OdPvbAXoz367ao8=","fileName":"ssssss.jpg","name":"ssssss","width":1080,"height":735,"thumbnail":{"url":"np://user.desktop.nicepage.com/Site_2122812204/images/thumbnails/ssssss.jpg","width":250,"height":170},"folderId":null,"originalUrl":"//images01.nicepage.com/c461c07a441a5d220e8feb1a/1335557df2ab5ecab97e8c93/ssssss.jpg","usages":["193542759"]}]