[{"id":23562257,"status":2,"title":"Blog Template","order":1,"templateKey":"blog","customTemplate":false,"customTemplateFilename":null,"pageLinks":[],"dateCreated":"2023-09-07T08:35:13.897Z","dateUpdated":"2023-09-07T08:35:15.183Z","folderId":null,"pageName":"Blog Template"},{"id":656917393,"status":2,"title":"Post Template","order":2,"templateKey":"post","customTemplate":false,"customTemplateFilename":null,"pageLinks":[],"dateCreated":"2023-09-07T08:35:14.007Z","dateUpdated":"2023-09-07T08:35:15.203Z","folderId":null,"pageName":"Post Template"},{"id":47215601,"status":2,"title":"Product List Template","order":3,"templateKey":"products","customTemplate":false,"customTemplateFilename":null,"pageLinks":[],"dateCreated":"2023-09-07T08:35:14.116Z","dateUpdated":"2023-09-07T08:35:15.215Z","folderId":null,"pageName":"Product List Template"},{"id":23061077,"status":2,"title":"Product Details Template","order":4,"templateKey":"product","customTemplate":false,"customTemplateFilename":null,"pageLinks":[],"dateCreated":"2023-09-07T08:35:14.238Z","dateUpdated":"2023-09-07T08:35:15.230Z","folderId":null,"pageName":"Product Details Template"},{"id":77983015,"status":2,"title":"Shopping Cart Template","order":5,"templateKey":"cart","customTemplate":false,"customTemplateFilename":null,"pageLinks":[],"dateCreated":"2023-09-07T08:35:14.347Z","dateUpdated":"2023-09-07T08:35:15.243Z","folderId":null,"pageName":"Shopping Cart Template"},{"id":13779823,"status":2,"title":"Checkout Template","order":6,"templateKey":"checkout","customTemplate":false,"customTemplateFilename":null,"pageLinks":[],"dateCreated":"2023-09-07T08:35:14.492Z","dateUpdated":"2023-09-07T08:35:15.256Z","folderId":null,"pageName":"Checkout Template"},{"id":301708616,"status":2,"title":"Login Template","order":7,"templateKey":"login","customTemplate":false,"customTemplateFilename":null,"pageLinks":[],"dateCreated":"2023-09-07T08:35:14.579Z","dateUpdated":"2023-09-07T08:35:15.278Z","folderId":null,"pageName":"Login Template"},{"id":829010884,"status":2,"title":"Page Password Template","order":8,"templateKey":"password","customTemplate":false,"customTemplateFilename":null,"pageLinks":[],"dateCreated":"2023-09-07T08:35:14.644Z","dateUpdated":"2023-09-07T08:35:15.298Z","folderId":null,"pageName":"Page Password Template"},{"id":99714777,"status":2,"title":"404 Not Found Template","order":9,"templateKey":"404","customTemplate":false,"customTemplateFilename":null,"pageLinks":[],"dateCreated":"2023-09-07T08:35:14.706Z","dateUpdated":"2023-09-07T08:35:15.318Z","folderId":null,"pageName":"404 Not Found Template"},{"id":910804035,"status":2,"title":"Thank You Page Template","order":10,"templateKey":"ThankYou","customTemplate":false,"customTemplateFilename":null,"pageLinks":[],"dateCreated":"2023-09-07T08:35:14.760Z","dateUpdated":"2023-09-07T08:35:15.335Z","folderId":null,"pageName":"Thank You Page Template"},{"id":193542759,"status":2,"title":"Home","order":50,"templateKey":null,"customTemplate":false,"customTemplateFilename":null,"pageLinks":["18586669","301243012"],"dateCreated":"2023-09-07T08:35:41.275Z","dateUpdated":"2023-09-07T09:42:25.668Z","folderId":null,"pageName":"Home_193542759"},{"id":18586669,"status":2,"title":"Contact","order":101,"templateKey":null,"customTemplate":false,"customTemplateFilename":null,"pageLinks":[],"dateCreated":"2023-09-07T08:35:14.835Z","dateUpdated":"2023-09-07T09:38:44.282Z","folderId":null,"pageName":"Contact_18586669"},{"id":301243012,"status":2,"title":"About","order":102,"templateKey":null,"customTemplate":false,"customTemplateFilename":null,"pageLinks":[],"dateCreated":"2023-09-07T09:00:12.391Z","dateUpdated":"2023-09-07T09:35:02.110Z","folderId":null,"pageName":"About_301243012"}]